{ "height":10,
 "layers":[
        {
         "data":[0, 12, 0, 0, 0, 0, 0, 0, 0, 0, 0, 0, 0, 0, 0, 0, 0, 0, 0, 0, 0, 0, 0, 0, 0, 0, 0, 0, 16, 0, 0, 29, 30, 30, 30, 30, 30, 30, 30, 30, 31, 0, 0, 0, 0, 0, 0, 0, 0, 0, 0, 0, 0, 0, 9, 10, 10, 10, 11, 0, 0, 0, 0, 0, 0, 0, 0, 9, 10, 11, 0, 0, 0, 0, 9, 10, 11, 0, 12, 0, 0, 13, 14, 14, 14, 15, 33, 33, 33, 33, 33, 33, 33, 33, 13, 14, 15, 33, 33, 33, 33, 13, 14, 15, 0, 16, 0, 0, 13, 14, 14, 14, 15, 37, 37, 37, 37, 37, 37, 37, 37, 13, 14, 15, 37, 37, 37, 37, 13, 14, 15, 12, 16, 0, 0, 13, 21, 10, 10, 19, 37, 37, 37, 37, 37, 37, 37, 37, 13, 14, 15, 37, 37, 37, 37, 13, 14, 15, 16, 16, 0, 0, 13, 13, 14, 14, 15, 37, 37, 37, 37, 37, 37, 37, 37, 13, 14, 15, 37, 37, 37, 37, 13, 14, 15, 16, 16, 0, 0, 18, 13, 14, 14, 15, 37, 37, 37, 37, 37, 37, 37, 37, 13, 14, 15, 37, 37, 37, 37, 13, 21, 10, 10, 11, 0, 0, 22, 13, 14, 14, 15, 37, 37, 37, 37, 37, 37, 37, 37, 13, 14, 15, 37, 37, 37, 37, 13, 13, 14, 14, 15, 45, 0, 22, 13, 14, 14, 15, 37, 37, 37, 37, 37, 37, 37, 37, 13, 14, 15, 37, 37, 37, 25, 26, 26, 26, 26, 26, 27, 0],
         "height":10,
         "name":"Calque de Tile 1",
         "opacity":1,
         "type":"tilelayer",
         "visible":true,
         "width":27,
         "x":0,
         "y":0
        }],
 "nextobjectid":1,
 "orientation":"orthogonal",
 "properties":
    {

    },
 "renderorder":"right-down",
 "tileheight":32,
 "tilesets":[
        {
         "firstgid":1,
         "image":"..\/img\/tileset.png",
         "imageheight":448,
         "imagewidth":128,
         "margin":0,
         "name":"tileset",
         "properties":
            {

            },
         "spacing":0,
         "tilecount":56,
         "tileheight":32,
         "tilewidth":32
        }],
 "tilewidth":32,
 "version":1,
 "width":27
}