{ "height":10,
 "layers":[
        {
         "data":[9, 10, 10, 11, 0, 0, 0, 0, 0, 0, 0, 0, 0, 0, 13, 14, 14, 15, 0, 0, 0, 0, 41, 0, 0, 0, 0, 0, 13, 14, 14, 15, 0, 0, 0, 0, 0, 0, 0, 0, 0, 0, 17, 10, 10, 10, 10, 11, 0, 12, 41, 0, 0, 0, 0, 0, 13, 14, 14, 14, 14, 15, 0, 16, 0, 0, 0, 0, 0, 0, 13, 14, 14, 14, 14, 15, 0, 16, 41, 0, 12, 0, 0, 0, 17, 10, 10, 10, 10, 10, 11, 16, 0, 0, 16, 0, 0, 0, 13, 14, 14, 14, 14, 14, 15, 16, 0, 0, 16, 0, 0, 0, 13, 14, 14, 14, 14, 14, 15, 16, 0, 0, 16, 0, 45, 0, 25, 26, 26, 26, 26, 26, 26, 26, 26, 26, 26, 26, 26, 27],
         "height":10,
         "name":"Calque de Tile 1",
         "opacity":1,
         "type":"tilelayer",
         "visible":true,
         "width":14,
         "x":0,
         "y":0
        }],
 "nextobjectid":1,
 "orientation":"orthogonal",
 "properties":
    {

    },
 "renderorder":"right-down",
 "tileheight":32,
 "tilesets":[
        {
         "firstgid":1,
         "image":"..\/img\/tileset.png",
         "imageheight":448,
         "imagewidth":128,
         "margin":0,
         "name":"tileset",
         "properties":
            {

            },
         "spacing":0,
         "tilecount":56,
         "tileheight":32,
         "tilewidth":32
        }],
 "tilewidth":32,
 "version":1,
 "width":14
}