{ "height":10,
 "layers":[
        {
         "data":[0, 0, 0, 0, 0, 0, 0, 0, 0, 0, 0, 0, 0, 0, 0, 0, 0, 0, 0, 0, 0, 0, 0, 0, 0, 0, 0, 0, 0, 0, 0, 41, 0, 0, 0, 0, 0, 0, 0, 0, 0, 0, 0, 0, 0, 0, 0, 0, 0, 0, 0, 0, 0, 0, 0, 0, 0, 0, 0, 0, 0, 0, 0, 0, 0, 0, 0, 0, 0, 0, 0, 0, 0, 0, 0, 0, 0, 0, 0, 0, 0, 0, 0, 0, 0, 0, 0, 0, 0, 0, 0, 0, 0, 0, 29, 30, 30, 31, 0, 0, 0, 0, 0, 0, 0, 0, 0, 41, 0, 0, 0, 0, 0, 0, 18, 0, 0, 0, 0, 0, 0, 0, 0, 0, 0, 0, 0, 0, 0, 0, 0, 0, 0, 9, 11, 0, 0, 0, 0, 0, 0, 0, 0, 0, 0, 0, 0, 0, 0, 0, 0, 0, 22, 0, 0, 0, 0, 0, 0, 0, 0, 0, 0, 0, 0, 0, 0, 0, 0, 0, 0, 13, 15, 0, 0, 0, 0, 0, 0, 0, 0, 0, 0, 0, 0, 0, 0, 0, 0, 0, 22, 0, 0, 0, 0, 0, 0, 0, 0, 0, 0, 0, 0, 0, 0, 0, 0, 0, 0, 13, 15, 0, 0, 0, 29, 30, 30, 31, 0, 0, 0, 0, 0, 0, 0, 0, 0, 0, 22, 0, 0, 29, 30, 31, 0, 0, 29, 30, 31, 0, 0, 29, 30, 31, 0, 0, 0, 13, 15, 33, 33, 33, 33, 9, 11, 0, 0, 0, 29, 30, 30, 31, 0, 0, 0, 0, 22, 33, 33, 33, 33, 33, 33, 33, 33, 33, 33, 33, 33, 33, 33, 33, 33, 33, 33, 13, 15, 37, 37, 37, 37, 13, 15, 33, 33, 33, 33, 9, 11, 0, 0, 0, 0, 0, 22, 37, 37, 37, 37, 37, 37, 37, 37, 37, 37, 37, 37, 37, 37, 37, 37, 37, 37, 13, 15, 37, 37, 37, 37, 13, 15, 37, 37, 37, 37, 13, 15, 33, 33, 33, 33, 33, 22, 37, 37, 37, 37, 37, 37, 37, 37, 37, 37, 37, 37, 37, 37, 37, 37, 37, 37, 13, 15, 37, 37, 37, 37, 13, 15, 37, 37, 37, 37, 13, 15, 37, 37, 37, 37, 37],
         "height":10,
         "name":"Calque de Tile 1",
         "opacity":1,
         "type":"tilelayer",
         "visible":true,
         "width":38,
         "x":0,
         "y":0
        }],
 "nextobjectid":1,
 "orientation":"orthogonal",
 "properties":
    {

    },
 "renderorder":"right-down",
 "tileheight":32,
 "tilesets":[
        {
         "firstgid":1,
         "image":"..\/img\/tileset.png",
         "imageheight":448,
         "imagewidth":128,
         "margin":0,
         "name":"tileset",
         "properties":
            {

            },
         "spacing":0,
         "tilecount":56,
         "tileheight":32,
         "tilewidth":32
        }],
 "tilewidth":32,
 "version":1,
 "width":38
}